geo,year,population_total,total_status_flag,age_categories_present,age_categories_with_values,population_65_plus,status_flags,share_65_plus_pct,change_since_2014_percentage_points
DE11,2014,3972881.0,,36,30,,@N,,
DE11,2015,4008288.0,,36,30,,@N,,
DE11,2016,4069533.0,,36,30,,@N,,
DE11,2017,4098278.0,,36,30,,@N,,
DE11,2018,4126688.0,,36,30,,@N,,
DE11,2019,4143418.0,,36,30,,@N,,
DE11,2020,4154223.0,,36,30,,@N,,
DE11,2021,4151094.0,,36,30,,@N,,
DE11,2022,4150949.0,,36,30,,@N,,
DE11,2023,4142738.0,b,36,30,,b;b@N,,
DE11,2024,4164699.0,,36,30,,,,
DE11,2025,4167550.0,,36,30,,@N,,
DE12,2014,2702831.0,,36,30,,@N,,
DE12,2015,2721266.0,,36,30,,@N,,
DE12,2016,2761977.0,,36,30,,@N,,
DE12,2017,2779314.0,,36,30,,@N,,
DE12,2018,2795783.0,,36,30,,@N,,
DE12,2019,2805129.0,,36,30,,@N,,
DE12,2020,2810854.0,,36,30,,@N,,
DE12,2021,2807601.0,,36,30,,@N,,
DE12,2022,2812482.0,,36,30,,@N,,
DE12,2023,2832121.0,b,36,30,,b;b@N,,
DE12,2024,2844407.0,,36,30,,,,
DE12,2025,2848413.0,,36,30,,@N,,
DE13,2014,2174500.0,,36,30,,@N,,
DE13,2015,2191622.0,,36,30,,@N,,
DE13,2016,2224535.0,,36,30,,@N,,
DE13,2017,2239734.0,,36,30,,@N,,
DE13,2018,2254674.0,,36,30,,@N,,
DE13,2019,2264469.0,,36,30,,@N,,
DE13,2020,2271351.0,,36,30,,@N,,
DE13,2021,2276924.0,,36,30,,@N,,
DE13,2022,2285156.0,,36,30,,@N,,
DE13,2023,2304974.0,b,36,30,,b;b@N,,
DE13,2024,2320772.0,,36,30,,,,
DE13,2025,2325856.0,,36,30,,@N,,
DE14,2014,1781066.0,,36,30,,@N,,
DE14,2015,1795468.0,,36,30,,@N,,
DE14,2016,1823573.0,,36,30,,@N,,
DE14,2017,1834567.0,,36,30,,@N,,
DE14,2018,1846280.0,,36,30,,@N,,
DE14,2019,1856517.0,,36,30,,@N,,
DE14,2020,1863966.0,,36,30,,@N,,
DE14,2021,1867424.0,,36,30,,@N,,
DE14,2022,1876055.0,,36,30,,@N,,
DE14,2023,1887888.0,b,36,30,,b;b@N,,
DE14,2024,1900862.0,,36,30,,,,
DE14,2025,1904079.0,,36,30,,@N,,
DE21,2014,4469342.0,,36,30,,@N,,
DE21,2015,4519979.0,,36,30,,@N,,
DE21,2016,4588944.0,,36,30,,@N,,
DE21,2017,4633323.0,,36,30,,@N,,
DE21,2018,4649534.0,,36,30,,@N,,
DE21,2019,4686163.0,,36,30,,@N,,
DE21,2020,4710865.0,,36,30,,@N,,
DE21,2021,4719716.0,,36,30,,@N,,
DE21,2022,4729243.0,,36,30,,@N,,
DE21,2023,4705040.0,b,36,30,,b;b@N,,
DE21,2024,4726101.0,,36,30,,,,
DE21,2025,4764548.0,,36,30,,@N,,
DE22,2014,1189153.0,,36,30,,@N,,
DE22,2015,1197558.0,,36,30,,@N,,
DE22,2016,1212119.0,,36,30,,@N,,
DE22,2017,1219397.0,,36,30,,@N,,
DE22,2018,1230037.0,,36,30,,@N,,
DE22,2019,1238528.0,,36,30,,@N,,
DE22,2020,1244169.0,,36,30,,@N,,
DE22,2021,1247063.0,,36,30,,@N,,
DE22,2022,1253441.0,,36,30,,@N,,
DE22,2023,1244102.0,b,36,30,,b;b@N,,
DE22,2024,1251623.0,,36,30,,,,
DE22,2025,1259204.0,,36,30,,@N,,
DE23,2014,1077991.0,,36,30,,@N,,
DE23,2015,1082761.0,,36,30,,@N,,
DE23,2016,1092339.0,,36,30,,@N,,
DE23,2017,1098378.0,,36,30,,@N,,
DE23,2018,1104407.0,,36,30,,@N,,
DE23,2019,1109269.0,,36,30,,@N,,
DE23,2020,1112102.0,,36,30,,@N,,
DE23,2021,1112267.0,,36,30,,@N,,
DE23,2022,1116741.0,,36,30,,@N,,
DE23,2023,1107750.0,b,36,30,,b;b@N,,
DE23,2024,1116135.0,,36,30,,,,
DE23,2025,1121379.0,,36,30,,@N,,
DE24,2014,1056365.0,,36,30,,@N,,
DE24,2015,1055955.0,,36,30,,@N,,
DE24,2016,1059358.0,,36,30,,@N,,
DE24,2017,1062394.0,,36,30,,@N,,
DE24,2018,1066840.0,,36,30,,@N,,
DE24,2019,1067482.0,,36,30,,@N,,
DE24,2020,1065371.0,,36,30,,@N,,
DE24,2021,1062085.0,,36,30,,@N,,
DE24,2022,1061929.0,,36,30,,@N,,
DE24,2023,1051868.0,b,36,30,,b;b@N,,
DE24,2024,1055751.0,,36,30,,,,
DE24,2025,1055758.0,,36,30,,@N,,
DE25,2014,1707376.0,,36,30,,@N,,
DE25,2015,1715195.0,,36,30,,@N,,
DE25,2016,1738686.0,,36,30,,@N,,
DE25,2017,1750059.0,,36,30,,@N,,
DE25,2018,1759643.0,,36,30,,@N,,
DE25,2019,1770401.0,,36,30,,@N,,
DE25,2020,1775169.0,,36,30,,@N,,
DE25,2021,1775704.0,,36,30,,@N,,
DE25,2022,1777143.0,,36,30,,@N,,
DE25,2023,1782419.0,b,36,30,,b;b@N,,
DE25,2024,1791147.0,,36,30,,,,
DE25,2025,1795909.0,,36,30,,@N,,
DE26,2014,1297992.0,,36,30,,@N,,
DE26,2015,1298849.0,,36,30,,@N,,
DE26,2016,1306048.0,,36,30,,@N,,
DE26,2017,1309209.0,,36,30,,@N,,
DE26,2018,1313375.0,,36,30,,@N,,
DE26,2019,1317124.0,,36,30,,@N,,
DE26,2020,1317619.0,,36,30,,@N,,
DE26,2021,1317507.0,,36,30,,@N,,
DE26,2022,1320513.0,,36,30,,@N,,
DE26,2023,1310561.0,b,36,30,,b;b@N,,
DE26,2024,1315155.0,,36,30,,,,
DE26,2025,1318817.0,,36,30,,@N,,
DE27,2014,1806025.0,,36,30,,@N,,
DE27,2015,1821271.0,,36,30,,@N,,
DE27,2016,1846020.0,,36,30,,@N,,
DE27,2017,1857991.0,,36,30,,@N,,
DE27,2018,1873368.0,,36,30,,@N,,
DE27,2019,1887754.0,,36,30,,@N,,
DE27,2020,1899442.0,,36,30,,@N,,
DE27,2021,1905841.0,,36,30,,@N,,
DE27,2022,1917979.0,,36,30,,@N,,
DE27,2023,1903481.0,b,36,30,,b;b@N,,
DE27,2024,1920514.0,,36,30,,,,
DE27,2025,1933313.0,,36,30,,@N,,
DE30,2014,3421829.0,,36,30,,@N,,
DE30,2015,3469849.0,,36,30,,@N,,
DE30,2016,3520031.0,,36,30,,@N,,
DE30,2017,3574830.0,,36,30,,@N,,
DE30,2018,3613495.0,,36,30,,@N,,
DE30,2019,3644826.0,,36,30,,@N,,
DE30,2020,3669491.0,,36,30,,@N,,
DE30,2021,3664088.0,,36,30,,@N,,
DE30,2022,3677472.0,,36,30,,@N,,
DE30,2023,3632853.0,b,36,30,,b;b@N,,
DE30,2024,3662381.0,,36,30,,,,
DE30,2025,3685265.0,,36,30,,@N,,
DE40,2014,2449193.0,,36,30,,@N,,
DE40,2015,2457872.0,,36,30,,@N,,
DE40,2016,2484826.0,,36,30,,@N,,
DE40,2017,2494648.0,,36,30,,@N,,
DE40,2018,2504040.0,,36,30,,@N,,
DE40,2019,2511917.0,,36,30,,@N,,
DE40,2020,2521893.0,,36,30,,@N,,
DE40,2021,2531071.0,,36,30,,@N,,
DE40,2022,2537868.0,,36,30,,@N,,
DE40,2023,2545159.0,b,36,30,,b;b@N,,
DE40,2024,2554464.0,,36,30,,,,
DE40,2025,2556747.0,,36,30,,@N,,
DE50,2014,657391.0,,36,30,,@N,,
DE50,2015,661888.0,,36,30,,@N,,
DE50,2016,671489.0,,36,30,,@N,,
DE50,2017,678753.0,,36,30,,@N,,
DE50,2018,681032.0,,36,30,,@N,,
DE50,2019,682986.0,,36,30,,@N,,
DE50,2020,681202.0,,36,30,,@N,,
DE50,2021,680130.0,,36,30,,@N,,
DE50,2022,676463.0,,36,30,,@N,,
DE50,2023,695758.0,b,36,30,,b;b@N,,
DE50,2024,702655.0,,36,30,,,,
DE50,2025,704881.0,,36,30,,@N,,
DE60,2014,1746342.0,,36,30,,@N,,
DE60,2015,1762791.0,,36,30,,@N,,
DE60,2016,1787408.0,,36,30,,@N,,
DE60,2017,1810438.0,,36,30,,@N,,
DE60,2018,1830584.0,,36,30,,@N,,
DE60,2019,1841179.0,,36,30,,@N,,
DE60,2020,1847253.0,,36,30,,@N,,
DE60,2021,1852478.0,,36,30,,@N,,
DE60,2022,1853935.0,,36,30,,@N,,
DE60,2023,1832675.0,b,36,30,,b;b@N,,
DE60,2024,1851596.0,,36,30,,,,
DE60,2025,1862565.0,,36,30,,@N,,
DE71,2014,3822479.0,,36,30,,@N,,
DE71,2015,3863818.0,,36,30,,@N,,
DE71,2016,3922369.0,,36,30,,@N,,
DE71,2017,3951234.0,,36,30,,@N,,
DE71,2018,3978050.0,,36,30,,@N,,
DE71,2019,3998724.0,,36,30,,@N,,
DE71,2020,4019961.0,,36,30,,@N,,
DE71,2021,4026618.0,,36,30,,@N,,
DE71,2022,4026564.0,,36,30,,@N,,
DE71,2023,4001146.0,b,36,30,,b;b@N,,
DE71,2024,4024030.0,,36,30,,,,
DE71,2025,4039611.0,,36,30,,@N,,
DE72,2014,1023150.0,,36,30,,@N,,
DE72,2015,1029020.0,,36,30,,@N,,
DE72,2016,1040091.0,,36,30,,@N,,
DE72,2017,1043643.0,,36,30,,@N,,
DE72,2018,1045807.0,,36,30,,@N,,
DE72,2019,1047262.0,,36,30,,@N,,
DE72,2020,1048646.0,,36,30,,@N,,
DE72,2021,1048740.0,,36,30,,@N,,
DE72,2022,1050765.0,,36,30,,@N,,
DE72,2023,1036748.0,b,36,30,,b;b@N,,
DE72,2024,1041453.0,,36,30,,,,
DE72,2025,1040290.0,,36,30,,@N,,
DE73,2014,1199796.0,,36,30,,@N,,
DE73,2015,1201050.0,,36,30,,@N,,
DE73,2016,1213712.0,,36,30,,@N,,
DE73,2017,1218211.0,,36,30,,@N,,
DE73,2018,1219405.0,,36,30,,@N,,
DE73,2019,1219823.0,,36,30,,@N,,
DE73,2020,1219473.0,,36,30,,@N,,
DE73,2021,1217796.0,,36,30,,@N,,
DE73,2022,1217688.0,,36,30,,@N,,
DE73,2023,1199039.0,b,36,30,,b;b@N,,
DE73,2024,1202063.0,,36,30,,,,
DE73,2025,1200892.0,,36,30,,@N,,
DE80,2014,1596505.0,,36,30,,@N,,
DE80,2015,1599138.0,,36,30,,@N,,
DE80,2016,1612362.0,,36,30,,@N,,
DE80,2017,1610674.0,,36,30,,@N,,
DE80,2018,1611119.0,,36,30,,@N,,
DE80,2019,1609675.0,,36,30,,@N,,
DE80,2020,1608138.0,,36,30,,@N,,
DE80,2021,1610774.0,,36,30,,@N,,
DE80,2022,1611160.0,,36,30,,@N,,
DE80,2023,1576049.0,b,36,30,,b;b@N,,
DE80,2024,1578041.0,,36,30,,,,
DE80,2025,1573597.0,,36,30,,@N,,
DE91,2014,1574936.0,,36,30,,@N,,
DE91,2015,1579754.0,,36,30,,@N,,
DE91,2016,1598164.0,,36,30,,@N,,
DE91,2017,1595609.0,,36,30,,@N,,
DE91,2018,1595734.0,,36,30,,@N,,
DE91,2019,1596396.0,,36,30,,@N,,
DE91,2020,1594929.0,,36,30,,@N,,
DE91,2021,1590577.0,,36,30,,@N,,
DE91,2022,1591424.0,,36,30,,@N,,
DE91,2023,1589602.0,b,36,30,,b;b@N,,
DE91,2024,1592700.0,,36,30,,,,
DE91,2025,1589423.0,,36,30,,@N,,
DE92,2014,2099079.0,,36,30,,@N,,
DE92,2015,2108413.0,,36,30,,@N,,
DE92,2016,2132290.0,,36,30,,@N,,
DE92,2017,2139976.0,,36,30,,@N,,
DE92,2018,2144120.0,,36,30,,@N,,
DE92,2019,2149805.0,,36,30,,@N,,
DE92,2020,2148238.0,,36,30,,@N,,
DE92,2021,2147704.0,,36,30,,@N,,
DE92,2022,2149859.0,,36,30,,@N,,
DE92,2023,2117034.0,b,36,30,,b;b@N,,
DE92,2024,2123401.0,,36,30,,,,
DE92,2025,2123689.0,,36,30,,@N,,
DE93,2014,1670199.0,,36,30,,@N,,
DE93,2015,1677715.0,,36,30,,@N,,
DE93,2016,1699969.0,,36,30,,@N,,
DE93,2017,1703945.0,,36,30,,@N,,
DE93,2018,1706464.0,,36,30,,@N,,
DE93,2019,1710914.0,,36,30,,@N,,
DE93,2020,1716448.0,,36,30,,@N,,
DE93,2021,1722474.0,,36,30,,@N,,
DE93,2022,1731531.0,,36,30,,@N,,
DE93,2023,1716631.0,b,36,30,,b;b@N,,
DE93,2024,1721982.0,,36,30,,,,
DE93,2025,1721892.0,,36,30,,@N,,
DE94,2014,2446345.0,,36,30,,@N,,
DE94,2015,2460857.0,,36,30,,@N,,
DE94,2016,2496176.0,,36,30,,@N,,
DE94,2017,2506155.0,,36,30,,@N,,
DE94,2018,2516457.0,,36,30,,@N,,
DE94,2019,2525333.0,,36,30,,@N,,
DE94,2020,2533993.0,,36,30,,@N,,
DE94,2021,2542666.0,,36,30,,@N,,
DE94,2022,2554217.0,,36,30,,@N,,
DE94,2023,2559680.0,b,36,30,,b;b@N,,
DE94,2024,2570052.0,,36,30,,,,
DE94,2025,2569485.0,,36,30,,@N,,
DEA1,2014,5088748.0,,36,30,,@N,,
DEA1,2015,5108290.0,,36,30,,@N,,
DEA1,2016,5173623.0,,36,30,,@N,,
DEA1,2017,5190790.0,,36,30,,@N,,
DEA1,2018,5198820.0,,36,30,,@N,,
DEA1,2019,5202321.0,,36,30,,@N,,
DEA1,2020,5207457.0,,36,30,,@N,,
DEA1,2021,5200090.0,,36,30,,@N,,
DEA1,2022,5197679.0,,36,30,,@N,,
DEA1,2023,5222540.0,b,36,30,,b;b@N,,
DEA1,2024,5238909.0,,36,30,,,,
DEA1,2025,5244379.0,,36,30,,@N,,
DEA2,2014,4333015.0,,36,30,,@N,,
DEA2,2015,4361724.0,,36,30,,@N,,
DEA2,2016,4422371.0,,36,30,,@N,,
DEA2,2017,4439416.0,,36,30,,@N,,
DEA2,2018,4454228.0,,36,30,,@N,,
DEA2,2019,4468904.0,,36,30,,@N,,
DEA2,2020,4478847.0,,36,30,,@N,,
DEA2,2021,4475530.0,,36,30,,@N,,
DEA2,2022,4472956.0,,36,30,,@N,,
DEA2,2023,4461422.0,b,36,30,,b;b@N,,
DEA2,2024,4478118.0,,36,30,,,,
DEA2,2025,4486282.0,,36,30,,@N,,
DEA3,2014,2574148.0,,36,30,,@N,,
DEA3,2015,2580664.0,,36,30,,@N,,
DEA3,2016,2614229.0,,36,30,,@N,,
DEA3,2017,2619376.0,,36,30,,@N,,
DEA3,2018,2621153.0,,36,30,,@N,,
DEA3,2019,2623619.0,,36,30,,@N,,
DEA3,2020,2624625.0,,36,30,,@N,,
DEA3,2021,2624719.0,,36,30,,@N,,
DEA3,2022,2631237.0,,36,30,,@N,,
DEA3,2023,2640307.0,b,36,30,,b;b@N,,
DEA3,2024,2654384.0,,36,30,,,,
DEA3,2025,2659034.0,,36,30,,@N,,
DEA4,2014,2024392.0,,36,30,,@N,,
DEA4,2015,2029648.0,,36,30,,@N,,
DEA4,2016,2057996.0,,36,30,,@N,,
DEA4,2017,2054205.0,,36,30,,@N,,
DEA4,2018,2054343.0,,36,30,,@N,,
DEA4,2019,2055310.0,,36,30,,@N,,
DEA4,2020,2055724.0,,36,30,,@N,,
DEA4,2021,2054178.0,,36,30,,@N,,
DEA4,2022,2057480.0,,36,30,,@N,,
DEA4,2023,2070052.0,b,36,30,,b;b@N,,
DEA4,2024,2072972.0,,36,30,,,,
DEA4,2025,2072861.0,,36,30,,@N,,
DEA5,2014,3551553.0,,36,30,,@N,,
DEA5,2015,3557772.0,,36,30,,@N,,
DEA5,2016,3597297.0,,36,30,,@N,,
DEA5,2017,3586313.0,,36,30,,@N,,
DEA5,2018,3583590.0,,36,30,,@N,,
DEA5,2019,3582497.0,,36,30,,@N,,
DEA5,2020,3580568.0,,36,30,,@N,,
DEA5,2021,3571053.0,,36,30,,@N,,
DEA5,2022,3565239.0,,36,30,,@N,,
DEA5,2023,3570099.0,b,36,30,,b;b@N,,
DEA5,2024,3573137.0,,36,30,,,,
DEA5,2025,3571898.0,,36,30,,@N,,
DEB1,2014,1474378.0,,36,30,,@N,,
DEB1,2015,1477202.0,,36,30,,@N,,
DEB1,2016,1488308.0,,36,30,,@N,,
DEB1,2017,1492187.0,,36,30,,@N,,
DEB1,2018,1493055.0,,36,30,,@N,,
DEB1,2019,1495885.0,,36,30,,@N,,
DEB1,2020,1498223.0,,36,30,,@N,,
DEB1,2021,1500830.0,,36,30,,@N,,
DEB1,2022,1503189.0,,36,30,,@N,,
DEB1,2023,1522385.0,b,36,30,,b;b@N,,
DEB1,2024,1527616.0,,36,30,,,,
DEB1,2025,1530208.0,,36,30,,@N,,
DEB2,2014,519136.0,,36,30,,@N,,
DEB2,2015,521863.0,,36,30,,@N,,
DEB2,2016,532715.0,,36,30,,@N,,
DEB2,2017,528728.0,,36,30,,@N,,
DEB2,2018,529597.0,,36,30,,@N,,
DEB2,2019,531007.0,,36,30,,@N,,
DEB2,2020,533113.0,,36,30,,@N,,
DEB2,2021,534438.0,,36,30,,@N,,
DEB2,2022,536772.0,,36,30,,@N,,
DEB2,2023,524876.0,b,36,30,,b;b@N,,
DEB2,2024,526651.0,,36,30,,,,
DEB2,2025,525583.0,,36,30,,@N,,
DEB3,2014,2000852.0,,36,30,,@N,,
DEB3,2015,2012517.0,,36,30,,@N,,
DEB3,2016,2031780.0,,36,30,,@N,,
DEB3,2017,2045138.0,,36,30,,@N,,
DEB3,2018,2051027.0,,36,30,,@N,,
DEB3,2019,2057952.0,,36,30,,@N,,
DEB3,2020,2062567.0,,36,30,,@N,,
DEB3,2021,2063123.0,,36,30,,@N,,
DEB3,2022,2066524.0,,36,30,,@N,,
DEB3,2023,2061294.0,b,36,30,,b;b@N,,
DEB3,2024,2070896.0,,36,30,,,,
DEB3,2025,2073778.0,,36,30,,@N,,
DEC0,2014,990718.0,,36,30,,@N,,
DEC0,2015,989035.0,,36,30,,@N,,
DEC0,2016,995597.0,,36,30,,@N,,
DEC0,2017,996651.0,,36,30,,@N,,
DEC0,2018,994187.0,,36,30,,@N,,
DEC0,2019,990509.0,,36,30,,@N,,
DEC0,2020,986887.0,,36,30,,@N,,
DEC0,2021,983991.0,,36,30,,@N,,
DEC0,2022,982348.0,,36,30,,@N,,
DEC0,2023,1011891.0,b,36,30,,b;b@N,,
DEC0,2024,1014047.0,,36,30,,,,
DEC0,2025,1012141.0,,36,30,,@N,,
DED2,2014,1590927.0,,36,30,,@N,,
DED2,2015,1592765.0,,36,30,,@N,,
DED2,2016,1602754.0,,36,30,,@N,,
DED2,2017,1600155.0,,36,30,,@N,,
DED2,2018,1598573.0,,36,30,,@N,,
DED2,2019,1598199.0,,36,30,,@N,,
DED2,2020,1596566.0,,36,30,,@N,,
DED2,2021,1589888.0,,36,30,,@N,,
DED2,2022,1583267.0,,36,30,,@N,,
DED2,2023,1588724.0,b,36,30,,b;b@N,,
DED2,2024,1589143.0,,36,30,,,,
DED2,2025,1584687.0,,36,30,,@N,,
DED4,2014,1468954.0,,36,30,,@N,,
DED4,2015,1463341.0,,36,30,,@N,,
DED4,2016,1465612.0,,36,30,,@N,,
DED4,2017,1454144.0,,36,30,,@N,,
DED4,2018,1444953.0,,36,30,,@N,,
DED4,2019,1436445.0,,36,30,,@N,,
DED4,2020,1426380.0,,36,30,,@N,,
DED4,2021,1413730.0,,36,30,,@N,,
DED4,2022,1402126.0,,36,30,,@N,,
DED4,2023,1397272.0,b,36,30,,b;b@N,,
DED4,2024,1396049.0,,36,30,,,,
DED4,2025,1386336.0,,36,30,,@N,,
DED5,2014,986504.0,,36,30,,@N,,
DED5,2015,999168.0,,36,30,,@N,,
DED5,2016,1016485.0,,36,30,,@N,,
DED5,2017,1027484.0,,36,30,,@N,,
DED5,2018,1037782.0,,36,30,,@N,,
DED5,2019,1043293.0,,36,30,,@N,,
DED5,2020,1049025.0,,36,30,,@N,,
DED5,2021,1053323.0,,36,30,,@N,,
DED5,2022,1057609.0,,36,30,,@N,,
DED5,2023,1063971.0,b,36,30,,b;b@N,,
DED5,2024,1069497.0,,36,30,,,,
DED5,2025,1071399.0,,36,30,,@N,,
DEE0,2014,2244577.0,,36,30,,@N,,
DEE0,2015,2235548.0,,36,30,,@N,,
DEE0,2016,2245470.0,,36,30,,@N,,
DEE0,2017,2236252.0,,36,30,,@N,,
DEE0,2018,2223081.0,,36,30,,@N,,
DEE0,2019,2208321.0,,36,30,,@N,,
DEE0,2020,2194782.0,,36,30,,@N,,
DEE0,2021,2180684.0,,36,30,,@N,,
DEE0,2022,2169253.0,,36,30,,@N,,
DEE0,2023,2150239.0,b,36,30,,b;b@N,,
DEE0,2024,2144570.0,,36,30,,,,
DEE0,2025,2135597.0,,36,30,,@N,,
DEF0,2014,2815955.0,,36,30,,@N,,
DEF0,2015,2830864.0,,36,30,,@N,,
DEF0,2016,2858714.0,,36,30,,@N,,
DEF0,2017,2881926.0,,36,30,,@N,,
DEF0,2018,2889821.0,,36,30,,@N,,
DEF0,2019,2896712.0,,36,30,,@N,,
DEF0,2020,2903773.0,,36,30,,@N,,
DEF0,2021,2910875.0,,36,30,,@N,,
DEF0,2022,2922005.0,,36,30,,@N,,
DEF0,2023,2939283.0,b,36,30,,b;b@N,,
DEF0,2024,2953202.0,,36,30,,,,
DEF0,2025,2959517.0,,36,30,,@N,,
DEG0,2014,2160840.0,,36,30,,@N,,
DEG0,2015,2156759.0,,36,30,,@N,,
DEG0,2016,2170714.0,,36,30,,@N,,
DEG0,2017,2158128.0,,36,30,,@N,,
DEG0,2018,2151205.0,,36,30,,@N,,
DEG0,2019,2143145.0,,36,30,,@N,,
DEG0,2020,2133378.0,,36,30,,@N,,
DEG0,2021,2120237.0,,36,30,,@N,,
DEG0,2022,2108863.0,,36,30,,@N,,
DEG0,2023,2118830.0,b,36,30,,b;b@N,,
DEG0,2024,2114870.0,,36,30,,,,
DEG0,2025,2100277.0,,36,30,,@N,,
