geo,region_name,2014,2015,2016,2017,2018,2019,2020,2021,2022,2023,2024,2025
DE11,Stuttgart,19.7,19.8,19.7,19.8,19.8,19.9,20.1,20.3,20.5,20.6,20.8,21.1
DE12,Karlsruhe,19.9,20.1,20.0,20.1,20.2,20.4,20.6,20.8,21.0,21.1,21.4,21.7
DE13,Freiburg,19.8,20.0,20.0,20.2,20.3,20.5,20.8,21.0,21.3,21.4,21.6,22.1
DE14,Tübingen,19.2,19.3,19.4,19.5,19.7,19.9,20.1,20.4,20.6,20.9,21.1,21.6
DE21,Oberbayern,19.3,19.4,19.3,19.3,19.4,19.4,19.5,19.6,19.7,19.7,19.9,20.0
DE22,Niederbayern,19.5,19.7,19.8,20.0,20.2,20.4,20.7,21.0,21.2,21.6,21.9,22.4
DE23,Oberpfalz,19.3,19.5,19.6,19.8,20.0,20.2,20.5,20.7,21.0,21.3,21.6,22.0
DE24,Oberfranken,21.5,21.8,21.9,22.1,22.2,22.4,22.6,22.9,23.1,23.4,23.6,24.1
DE25,Mittelfranken,20.2,20.3,20.3,20.3,20.4,20.5,20.6,20.8,21.0,21.2,21.4,21.7
DE26,Unterfranken,20.4,20.7,20.9,21.1,21.4,21.6,22.0,22.3,22.6,22.9,23.2,23.6
DE27,Schwaben,20.1,20.3,20.3,20.4,20.5,20.6,20.8,20.9,21.1,21.2,21.4,21.7
DE30,Berlin,19.2,19.2,19.3,19.2,19.2,19.2,19.2,19.3,19.2,19.2,19.1,19.2
DE40,Brandenburg,22.8,23.1,23.3,23.7,24.1,24.5,24.9,25.2,25.5,25.7,26.0,26.5
DE50,Bremen,21.3,21.4,21.2,21.1,21.1,21.1,21.1,21.2,21.3,20.8,20.7,20.8
DE60,Hamburg,18.9,18.9,18.7,18.5,18.4,18.3,18.2,18.2,18.2,18.1,18.0,18.0
DE71,Darmstadt,19.6,19.7,19.7,19.8,19.8,19.9,20.0,20.2,20.3,20.4,20.5,20.7
DE72,Gießen,20.1,20.3,20.3,20.5,20.7,20.9,21.2,21.4,21.6,21.9,22.1,22.5
DE73,Kassel,22.1,22.4,22.3,22.5,22.6,22.8,23.0,23.2,23.4,23.6,23.8,24.1
DE80,Mecklenburg-Vorpommern,22.5,22.8,23.0,23.6,24.1,24.7,25.3,25.8,26.3,27.0,27.4,28.0
DE91,Braunschweig,22.2,22.4,22.3,22.5,22.6,22.7,22.9,23.1,23.2,23.4,23.5,23.9
DE92,Hannover,21.9,22.1,22.0,22.1,22.2,22.3,22.5,22.6,22.8,22.9,23.0,23.3
DE93,Lüneburg,21.6,21.9,22.0,22.2,22.5,22.7,22.9,23.1,23.3,23.4,23.6,24.0
DE94,Weser-Ems,19.7,20.0,20.0,20.2,20.4,20.6,20.9,21.1,21.3,21.5,21.8,22.2
DEA1,Düsseldorf,21.4,21.5,21.4,21.4,21.5,21.6,21.7,21.9,22.0,21.9,22.0,22.2
DEA2,Köln,19.6,19.8,19.7,19.9,20.0,20.1,20.3,20.5,20.7,20.8,21.0,21.3
DEA3,Münster,19.6,19.8,19.8,20.0,20.2,20.5,20.7,21.0,21.2,21.3,21.5,21.9
DEA4,Detmold,20.2,20.3,20.2,20.4,20.6,20.8,21.0,21.2,21.4,21.5,21.8,22.2
DEA5,Arnsberg,21.3,21.4,21.3,21.5,21.7,21.8,22.0,22.2,22.3,22.3,22.4,22.7
DEB1,Koblenz,21.4,21.7,21.9,22.1,22.4,22.6,22.9,23.2,23.4,23.4,23.6,24.0
DEB2,Trier,19.9,20.1,19.9,20.4,20.7,20.9,21.2,21.5,21.8,22.0,22.3,22.8
DEB3,Rheinhessen-Pfalz,20.2,20.5,20.6,20.8,21.1,21.3,21.5,21.8,22.1,22.2,22.5,22.9
DEC0,Saarland,22.3,22.7,22.9,23.1,23.4,23.7,24.1,24.4,24.7,24.6,24.9,25.4
DED2,Dresden,24.5,24.6,24.8,25.2,25.5,25.8,26.1,26.3,26.5,26.5,26.7,27.1
DED4,Chemnitz,26.4,26.8,27.2,27.9,28.5,28.9,29.3,29.7,29.8,29.8,30.0,30.4
DED5,Leipzig,22.8,22.7,22.6,22.7,22.8,22.9,23.0,23.1,23.1,22.9,23.0,23.1
DEE0,Sachsen-Anhalt,24.7,25.0,25.1,25.6,26.0,26.5,27.0,27.4,27.6,27.8,28.0,28.5
DEF0,Schleswig-Holstein,22.3,22.6,22.6,22.7,22.9,23.0,23.2,23.4,23.5,23.6,23.7,24.0
DEG0,Thüringen,23.7,24.0,24.2,24.8,25.3,25.7,26.2,26.7,27.0,27.1,27.5,28.0
